{"cameraMode":{"drawMode":0,"name":"Shaded","section":"Shading Mode"},"sceneLighting":true,"audioPlay":false,"sceneViewState":{"m_AlwaysRefresh":false,"showFog":true,"showSkybox":true,"showFlares":true,"showImageEffects":true,"showParticleSystems":true,"showVisualEffectGraphs":true,"m_FxEnabled":true},"in2DMode":false,"pivot":{"x":10.600019454956055,"y":1.6938858032226563,"z":0.45204734802246096},"rotation":{"x":-0.48967576026916506,"y":-0.33192911744117739,"z":0.2087099552154541,"w":-0.7787773609161377},"size":33.708274841308597,"orthographic":true}